/*
MySQL Backup
Source Server Version: 5.6.21
Source Database: office_manager
Date: 2019/2/16 17:37:02
*/

SET FOREIGN_KEY_CHECKS=0;

-- ----------------------------
--  Table structure for `apply_info`
-- ----------------------------
DROP TABLE IF EXISTS `apply_info`;
CREATE TABLE `apply_info` (
  `apply_id` int(14) unsigned zerofill NOT NULL AUTO_INCREMENT,
  `apply_user_id` int(4) NOT NULL,
  `apply_user_truename` varchar(255) COLLATE utf8_unicode_ci DEFAULT NULL,
  `apply_user_name` varchar(255) COLLATE utf8_unicode_ci NOT NULL,
  `apply_product_id` int(4) NOT NULL,
  `apply_product_name` varchar(255) COLLATE utf8_unicode_ci NOT NULL,
  `apply_num` int(2) NOT NULL,
  `apply_product_price` decimal(10,2) NOT NULL,
  `apply_time` datetime NOT NULL,
  `apply_passman_id` int(4) DEFAULT NULL,
  `apply_passman_name` varchar(255) COLLATE utf8_unicode_ci DEFAULT NULL,
  `apply_pass` int(1) NOT NULL,
  PRIMARY KEY (`apply_id`)
) ENGINE=InnoDB AUTO_INCREMENT=52 DEFAULT CHARSET=utf8 COLLATE=utf8_unicode_ci;

-- ----------------------------
--  Table structure for `borrow_info`
-- ----------------------------
DROP TABLE IF EXISTS `borrow_info`;
CREATE TABLE `borrow_info` (
  `borrowinfo_id` int(14) unsigned zerofill NOT NULL AUTO_INCREMENT,
  `borrowinfo_user_id` int(4) NOT NULL,
  `borrowinfo_user_truename` varchar(255) COLLATE utf8_unicode_ci NOT NULL,
  `borrowinfo_product_id` int(2) NOT NULL,
  `borrowinfo_product_name` varchar(255) COLLATE utf8_unicode_ci NOT NULL,
  `borrowinfo_num` int(2) NOT NULL,
  `borrowinfo_product_price` decimal(10,2) NOT NULL,
  `borrowinfo_time` datetime NOT NULL,
  `borrowinfo_return` tinyint(1) NOT NULL,
  `borrowinfo_return_num` int(2) unsigned zerofill NOT NULL,
  `borrowinfo_missprice` decimal(10,2) unsigned zerofill NOT NULL,
  PRIMARY KEY (`borrowinfo_id`)
) ENGINE=InnoDB AUTO_INCREMENT=21 DEFAULT CHARSET=utf8 COLLATE=utf8_unicode_ci;

-- ----------------------------
--  Table structure for `buy_info`
-- ----------------------------
DROP TABLE IF EXISTS `buy_info`;
CREATE TABLE `buy_info` (
  `buyinfo_id` int(14) NOT NULL,
  `buyinfo_product_id` int(2) NOT NULL,
  `buyinfo_user_id` int(4) NOT NULL,
  `buyinfo_num` int(4) NOT NULL,
  `buyinfo_allprice` decimal(10,2) NOT NULL,
  `buyinfo_time` date NOT NULL,
  PRIMARY KEY (`buyinfo_id`)
) ENGINE=InnoDB DEFAULT CHARSET=utf8 COLLATE=utf8_unicode_ci;

-- ----------------------------
--  Table structure for `product_info`
-- ----------------------------
DROP TABLE IF EXISTS `product_info`;
CREATE TABLE `product_info` (
  `product_id` int(2) unsigned zerofill NOT NULL AUTO_INCREMENT,
  `product_name` varchar(10) COLLATE utf8_unicode_ci NOT NULL,
  `product_num` int(3) NOT NULL,
  `product_price` decimal(10,2) unsigned NOT NULL,
  `product_type` varchar(10) COLLATE utf8_unicode_ci NOT NULL,
  PRIMARY KEY (`product_id`)
) ENGINE=InnoDB AUTO_INCREMENT=122 DEFAULT CHARSET=utf8 COLLATE=utf8_unicode_ci;

-- ----------------------------
--  Table structure for `type_info`
-- ----------------------------
DROP TABLE IF EXISTS `type_info`;
CREATE TABLE `type_info` (
  `type_id` int(11) unsigned zerofill NOT NULL AUTO_INCREMENT,
  `type_category` varchar(255) COLLATE utf8_unicode_ci NOT NULL,
  `product_type` varchar(255) COLLATE utf8_unicode_ci NOT NULL,
  PRIMARY KEY (`type_id`)
) ENGINE=InnoDB AUTO_INCREMENT=20 DEFAULT CHARSET=utf8 COLLATE=utf8_unicode_ci;

-- ----------------------------
--  Table structure for `user_info`
-- ----------------------------
DROP TABLE IF EXISTS `user_info`;
CREATE TABLE `user_info` (
  `user_id` int(4) unsigned zerofill NOT NULL AUTO_INCREMENT,
  `user_name` varchar(30) COLLATE utf8_unicode_ci NOT NULL,
  `user_password` varchar(16) COLLATE utf8_unicode_ci NOT NULL,
  `user_truename` varchar(15) COLLATE utf8_unicode_ci NOT NULL,
  `user_phone` varchar(11) COLLATE utf8_unicode_ci DEFAULT NULL,
  `user_department` varchar(255) COLLATE utf8_unicode_ci NOT NULL,
  `user_authority` int(1) unsigned NOT NULL,
  PRIMARY KEY (`user_id`)
) ENGINE=InnoDB AUTO_INCREMENT=47 DEFAULT CHARSET=utf8 COLLATE=utf8_unicode_ci;

-- ----------------------------
--  Records 
-- ----------------------------
INSERT INTO `apply_info` VALUES ('00000000000016','1','管理者','admin@office.com','3','分类文件夹','5','2.00','2019-02-14 22:28:16','1','管理者','1'), ('00000000000018','2','邓凯乐','dengkaile@office.com','59','印台/印油','5','20.00','2019-02-16 11:20:52','5','郑斌','1'), ('00000000000019','2','邓凯乐','dengkaile@office.com','110','交换机','3','300.00','2019-02-15 20:16:02','1','管理者','2'), ('00000000000020','3','马飞飞','mafeifei@office.com','10','名片盒','3','3.50','2019-02-13 18:42:47','1','管理者','1'), ('00000000000021','3','马飞飞','mafeifei@office.com','4','挂劳夹','6','3.00','2019-02-13 18:45:42','2','邓凯乐','1'), ('00000000000022','11','钟玉华','zhongyuhua@office.com','96','碎纸机','2','300.00','2019-02-13 18:44:17','2','邓凯乐','2'), ('00000000000023','11','钟玉华','zhongyuhua@office.com','103','电脑主机','1','3000.00','2019-02-14 22:31:09','1','管理者','1'), ('00000000000024','11','钟玉华','zhongyuhua@office.com','53','账本','6','20.00','2019-02-13 18:50:51','2','邓凯乐','1'), ('00000000000025','11','钟玉华','zhongyuhua@office.com','113','电风扇','1','200.00','2019-02-13 22:15:01','1','管理者','2'), ('00000000000026','11','钟玉华','zhongyuhua@office.com','54','复写纸','2','5.00','2019-02-14 22:31:06','1','管理者','2'), ('00000000000027','11','钟玉华','zhongyuhua@office.com','54','复写纸','2','5.00','2019-02-14 22:30:25','1','管理者','2'), ('00000000000028','11','钟玉华','zhongyuhua@office.com','54','复写纸','2','5.00','2019-02-14 22:30:28','1','管理者','2'), ('00000000000029','11','钟玉华','zhongyuhua@office.com','54','复写纸','2','5.00','2019-02-14 22:31:02','1','管理者','2'), ('00000000000030','1','管理者','admin@office.com','1','文件夹','8','2.00','2019-02-13 22:16:03','1','管理者','2'), ('00000000000031','1','管理者','admin@office.com','1','文件夹','8','2.00','2019-02-15 20:16:17','1','管理者','1'), ('00000000000032','10','简自豪','jianzihao@office.com','100','过塑机','2','300.00','2019-02-16 11:22:12','5','郑斌','2'), ('00000000000033','10','简自豪','jianzihao@office.com','89','喷墨打印纸/盒','8','100.00','2019-02-16 11:12:00',NULL,NULL,'0'), ('00000000000034','10','简自豪','jianzihao@office.com','5','电脑夹','10','2.00','2019-02-16 11:21:33','5','郑斌','1'), ('00000000000035','5','郑斌','zhengbin@office.com','103','电脑主机','2','3000.00','2019-02-16 11:22:14','5','郑斌','1'), ('00000000000036','5','郑斌','zhengbin@office.com','119','办公桌','2','800.00','2019-02-16 11:21:54','5','郑斌','1'), ('00000000000037','5','郑斌','zhengbin@office.com','91','网线','3','20.00','2019-02-16 11:21:26','5','郑斌','1'), ('00000000000038','5','郑斌','zhengbin@office.com','39','便利贴','2','5.00','2019-02-16 11:14:03',NULL,NULL,'0'), ('00000000000039','6','波翔','boxiang@office.com','57','票据装订机','1','15.00','2019-02-16 11:21:04','5','郑斌','1'), ('00000000000040','6','波翔','boxiang@office.com','2','报告夹','20','2.00','2019-02-16 11:15:55',NULL,NULL,'0'), ('00000000000041','6','波翔','boxiang@office.com','79','色带','15','50.00','2019-02-16 11:21:09','5','郑斌','1'), ('00000000000042','6','波翔','boxiang@office.com','78','墨盒','20','200.00','2019-02-16 11:21:48','5','郑斌','1'), ('00000000000043','6','波翔','boxiang@office.com','85','复印纸/盒','12','100.00','2019-02-16 11:21:43','5','郑斌','1'), ('00000000000044','9','李果诚','liguocheng@office.com','104','显示器','2','1000.00','2019-02-16 11:21:39','5','郑斌','1'), ('00000000000045','9','李果诚','liguocheng@office.com','63','号码机','3','50.00','2019-02-16 11:17:39',NULL,NULL,'0'), ('00000000000046','9','李果诚','liguocheng@office.com','12','拉链袋','7','3.00','2019-02-16 11:17:53',NULL,NULL,'0'), ('00000000000047','11','钟玉华','zhongyuhua@office.com','48','钢笔','70','50.00','2019-02-16 17:34:11',NULL,NULL,'0'), ('00000000000048','2','邓凯乐','dengkaile@office.com','42','圆珠笔','140','3.00','2019-02-16 17:34:43',NULL,NULL,'0'), ('00000000000049','2','邓凯乐','dengkaile@office.com','103','电脑主机','27','3000.00','2019-02-16 17:35:03',NULL,NULL,'0'), ('00000000000050','3','马飞飞','mafeifei@office.com','80','粉盒','37','300.00','2019-02-16 17:35:54',NULL,NULL,'0'), ('00000000000051','5','郑斌','zhengbin@office.com','60','支票夹','45','3.00','2019-02-16 17:36:15',NULL,NULL,'0');
INSERT INTO `borrow_info` VALUES ('00000000000001','2','邓凯乐','1','文件夹','5','3.00','2019-02-15 20:14:55','2','00','00000015.00'), ('00000000000002','3','马飞飞','10','名片盒','3','3.50','2019-02-15 20:14:12','1','03','00000000.00'), ('00000000000003','3','马飞飞','4','挂劳夹','6','3.00','2019-02-13 18:45:42','0','00','00000000.00'), ('00000000000004','11','钟玉华','53','账本','6','20.00','2019-02-15 21:23:15','2','00','00000120.00'), ('00000000000005','1','管理者','3','分类文件夹','5','2.00','2019-02-14 22:28:16','0','00','00000000.00'), ('00000000000006','11','钟玉华','103','电脑主机','1','3000.00','2019-02-14 22:31:09','0','00','00000000.00'), ('00000000000010','1','管理者','1','文件夹','8','2.00','2019-02-15 20:16:52','1','05','00000006.00'), ('00000000000011','2','邓凯乐','59','印台/印油','5','20.00','2019-02-16 11:20:52','0','00','00000000.00'), ('00000000000012','6','波翔','57','票据装订机','1','15.00','2019-02-16 11:21:04','0','00','00000000.00'), ('00000000000013','6','波翔','79','色带','15','50.00','2019-02-16 11:21:09','0','00','00000000.00'), ('00000000000014','5','郑斌','91','网线','3','20.00','2019-02-16 11:21:26','0','00','00000000.00'), ('00000000000015','10','简自豪','5','电脑夹','10','2.00','2019-02-16 11:21:33','0','00','00000000.00'), ('00000000000016','9','李果诚','104','显示器','2','1000.00','2019-02-16 11:21:39','0','00','00000000.00'), ('00000000000017','6','波翔','85','复印纸/盒','12','100.00','2019-02-16 11:21:43','0','00','00000000.00'), ('00000000000018','6','波翔','78','墨盒','20','200.00','2019-02-16 11:21:48','0','00','00000000.00'), ('00000000000019','5','郑斌','119','办公桌','2','800.00','2019-02-16 11:21:54','0','00','00000000.00'), ('00000000000020','5','郑斌','103','电脑主机','2','3000.00','2019-02-16 11:22:14','0','00','00000000.00');
INSERT INTO `product_info` VALUES ('01','文件夹','85','2.00','文件档案管理'), ('02','报告夹','80','2.00','文件档案管理'), ('03','分类文件夹','90','2.00','文件档案管理'), ('04','挂劳夹','94','3.00','文件档案管理'), ('05','电脑夹','82','2.00','文件档案管理'), ('06','票据夹','100','1.00','文件档案管理'), ('07','档案盒','30','8.00','文件档案管理'), ('08','资料册','44','6.00','文件档案管理'), ('09','文件套','50','5.00','文件档案管理'), ('10','名片盒','100','3.50','文件档案管理'), ('11','公事包','100','3.00','文件档案管理'), ('12','拉链袋','93','3.00','文件档案管理'), ('13','卡片袋','100','3.00','文件档案管理'), ('14','文件柜','30','500.00','文件档案管理'), ('15','资料架','30','20.00','文件档案管理'), ('16','文件篮','100','10.00','文件档案管理'), ('17','书立','50','10.00','文件档案管理'), ('18','订书机','100','25.00','桌面用品'), ('19','起钉器','20','2.00','桌面用品'), ('20','打孔器','10','2.00','桌面用品'), ('21','剪刀','100','5.00','桌面用品'), ('22','美工刀','10','5.00','桌面用品'), ('23','切纸刀','10','5.00','桌面用品'), ('24','票夹','100','3.00','桌面用品'), ('25','钉针(20)/盒','50','10.00','桌面用品'), ('26','胶棒','100','5.00','桌面用品'), ('27','胶水','100','5.00','桌面用品'), ('28','胶带','100','5.00','桌面用品'), ('29','计算器','20','30.00','桌面用品'), ('30','仪尺','20','10.00','桌面用品'), ('31','圆规','20','5.00','桌面用品'), ('32','笔筒','50','15.00','桌面用品'), ('33','台历架','50','15.00','桌面用品'), ('34','无线装订本','100','10.00','办公本簿'), ('35','螺旋本','100','15.00','办公本簿'), ('36','皮面本','100','25.00','办公本簿'), ('37','活页本','100','20.00','办公本簿'), ('38','报事贴','100','5.00','办公本簿'), ('39','便利贴','98','5.00','办公本簿'), ('40','会议记录本','100','20.00','办公本簿'), ('41','中性笔(签字笔)','200','5.00','书写修正'), ('42','圆珠笔','60','3.00','书写修正'), ('43','铅笔','100','2.00','书写修正'), ('44','台笔','50','3.00','书写修正'), ('45','白板笔','50','5.00','书写修正'), ('46','荧光棒','50','5.00','书写修正'), ('47','油漆笔','50','5.00','书写修正'), ('48','钢笔','30','50.00','书写修正'), ('49','记号笔','50','2.00','书写修正'), ('50','橡皮','100','2.00','书写修正'), ('51','修正液','100','5.00','书写修正'), ('52','墨水','100','15.00','书写修正'), ('53','账本','94','20.00','财务用品'), ('54','复写纸','295','5.00','财务用品'), ('55','凭证/单据','300','10.00','财务用品'), ('56','复写票据','495','10.00','财务用品'), ('57','票据装订机','49','15.00','财务用品'), ('58','财务计算机','50','50.00','财务用品'), ('59','印台/印油','95','20.00','财务用品'), ('60','支票夹','51','3.00','财务用品'), ('61','专用印章','50','50.00','财务用品'), ('62','印章箱','20','50.00','财务用品'), ('63','号码机','47','50.00','财务用品'), ('64','报刊架','5','100.00','辅助用品'), ('65','杂志架','5','100.00','辅助用品'), ('66','白板','10','50.00','辅助用品'), ('67','证件卡','100','5.00','辅助用品'), ('68','台座','50','10.00','辅助用品'), ('69','钥匙管理','5','100.00','辅助用品'), ('70','U盘','30','70.00','电脑周边用品'), ('71','键盘','100','100.00','电脑周边用品'), ('72','鼠标','100','100.00','电脑周边用品'), ('73','移动硬盘','50','300.00','电脑周边用品'), ('74','插线板','100','50.00','电脑周边用品'), ('75','耳麦','100','100.00','电脑周边用品'), ('76','内存条','20','500.00','电脑周边用品'), ('77','硒鼓','45','500.00','打印耗材'), ('78','墨盒','30','200.00','打印耗材'), ('79','色带','35','50.00','打印耗材'), ('80','粉盒','13','300.00','打印耗材'), ('81','装订夹条','100','10.00','装订耗材'), ('82','装订胶圈','100','10.00','装订耗材'), ('83','装订透片','100','50.00','装订耗材'), ('84','皮纹纸/盒','300','20.00','装订耗材'), ('85','复印纸/盒','88','100.00','办公用纸'), ('86','传真纸/盒','100','100.00','办公用纸'), ('87','电脑打印纸/盒','100','100.00','办公用纸'), ('88','彩色复印纸/盒','100','100.00','办公用纸'), ('89','喷墨打印纸/盒','92','100.00','办公用纸'), ('90','铜版纸/盒','100','100.00','办公用纸'), ('91','网线','47','20.00','IT耗材'), ('92','水晶头','100','10.00','IT耗材'), ('93','网线转换接头','100','20.00','IT耗材'), ('94','视频线','50','50.00','IT耗材'), ('95','电源线','100','50.00','IT耗材'), ('96','碎纸机','3','300.00','事务设备'), ('97','支票打印机','5','500.00','事务设备'), ('98','考勤机','5','200.00','事务设备'), ('99','点钞机','10','500.00','事务设备'), ('100','过塑机','10','300.00','事务设备');
INSERT INTO `product_info` VALUES ('101','名片扫描仪','10','300.00','事务设备'), ('102','电话机','50','100.00','事务设备'), ('103','电脑主机','47','3000.00','IT设备'), ('104','显示器','148','1000.00','IT设备'), ('105','投影仪','7','2000.00','IT设备'), ('106','复印机','10','300.00','IT设备'), ('107','传真机','15','300.00','IT设备'), ('108','打印机','18','500.00','IT设备'), ('109','多功能一体机','5','15000.00','IT设备'), ('110','交换机','20','300.00','IT设备'), ('111','路由器','20','200.00','IT设备'), ('112','饮水机','20','300.00','办公电器'), ('113','电风扇','50','200.00','办公电器'), ('114','空气净化器','5','1500.00','办公电器'), ('115','吸尘器','10','300.00','办公电器'), ('116','多屉柜','50','500.00','办公家具'), ('117','杂柜','10','1500.00','办公家具'), ('118','保险柜','10','2000.00','办公家具'), ('119','办公桌','98','800.00','办公家具'), ('120','办公椅','100','500.00','办公家具'), ('121','铁皮柜','20','3000.00','办公家具');
INSERT INTO `type_info` VALUES ('00000000001','文具事务用品','文件档案管理'), ('00000000002','文具事务用品','桌面用品'), ('00000000003','文具事务用品','办公本簿'), ('00000000004','文具事务用品','书写修正'), ('00000000005','文具事务用品','辅助用品'), ('00000000006','文具事务用品','电脑周边用品'), ('00000000007','办公耗材','打印耗材'), ('00000000008','办公耗材','财务用品'), ('00000000009','办公耗材','装订耗材'), ('00000000010','办公耗材','办公用纸'), ('00000000011','办公耗材','IT耗材'), ('00000000012','办公设备','事务设备'), ('00000000013','办公设备','IT设备'), ('00000000014','办公设备','办公电器'), ('00000000015','办公设备','办公家具'), ('00000000019','文具事务用品','笔纸');
INSERT INTO `user_info` VALUES ('0001','admin@office.com','root123','管理者','13247566012','研发部','7'), ('0002','dengkaile@office.com','dkl123','邓凯乐','13245777777','测试部','3'), ('0003','mafeifei@office.com','mff123','马飞飞','13245777777','运营部','1'), ('0004','wangfang@office.com','123456','王芳','13246666666','产品部','1'), ('0005','zhengbin@office.com','123456','郑斌','13242222222','测试部','3'), ('0006','boxiang@office.com','123456','波翔','13245777777','研发部','1'), ('0007','chexiuxian@office.com','123456','车秀仙','13242222222','测试部','1'), ('0008','zhengxinpeng@office.com','123456','郑新鹏','13246666666','产品部','1'), ('0009','liguocheng@office.com','123456','李果诚','13246666666','产品部','1'), ('0010','jianzihao@office.com','123456','简自豪','13245777777','研发部','1'), ('0011','zhongyuhua@office.com','123456','钟玉华','13245644444','研发部','1'), ('0012','dengzhihong@office.com','123456','邓志红','13245777777','研发部','1'), ('0013','congzhenghong@office.com','123456','从政红','13245644444','测试部','1'), ('0014','xieshaocong@office.com','123456','谢少冲','13245777777','测试部','1'), ('0015','wangyishuang@office.com','123456','王伊爽','13247566423','测试部','1'), ('0016','liangsihui@office.com','123456','梁思慧','13245777777','测试部','1'), ('0017','qinhuan@office.com','123456','覃欢','13242222222','研发部','1'), ('0018','chenzekai@office.com','123456','陈泽楷','13245777777','产品部','1'), ('0019','chenweijie@office.com','123456','陈维杰','13246666666','产品部','1'), ('0020','chenliqin@office.com','123456','陈丽勤','13242222222','产品部','3'), ('0021','youjunkai@office.com','123456','游俊凯','13246666666','产品部','1'), ('0022','chenjunxue@office.com','123456','陈俊学','13245777777','研发部','1'), ('0024','wengxiaolin@office.com','123456','翁晓琳','13245633425','测试部','7'), ('0039','qweqw@office.com','werw','werwer','wer','werwer','1'), ('0040','awdawd@office.com','awwdawd','瓦打我','1234124124','运营部','1'), ('0041','qwerg@office.com','1234123123','啊上档次','1234334234','测试部','1'), ('0042','1233qqwe@office.com','1234wefwe','我认为','12342423886','运营部','1'), ('0043','tymg@office.com','fhffhdfgh','好的韩国','123124141','研发部','1'), ('0044','sdfsdf@office.com','sdfsadf','阿斯蒂芬','1235532','研发部','1'), ('0045','asdas@office.com','wwww123','单位往往','12312325345','研发','1'), ('0046','daee@office.com','12398089','闪电风暴','1325323411','测试部','3');
